kind,mask,changed,recall,precision,iou,ratio
modify,0.493352,0.378512,0.9965337954939342,0.7645656650829428,0.7625378034382935,1.303398571247411
insert,0.6436882019042969,0.3243436813354492,0.9978212226439949,0.5027853667498325,0.5022339894952915,1.9845868408904466
modify,0.796996,0.077912,0.9873190265941062,0.09651742292307615,0.09639792276536872,10.229438340692065
insert,0.7316455841064453,0.04434490203857422,0.9978709219553109,0.0604807699827682,0.06047296636842894,16.498978472655327
modify,0.631136,0.011504,0.9141168289290682,0.01666201896263246,0.016635976485626237,54.86230876216968
modify,0.6164255142211914,0.0029153823852539062,0.957801766437684,0.004529920215851936,0.004529016331063669,211.43899247628394
modify,0.485652,0.148084,0.9903298128089463,0.3019693113587507,0.3010815382972957,3.2795710542664973
modify,0.9513,0.047312,0.9723537368955022,0.048359087564385575,0.04829268702341362,20.106949611092325
modify,0.9892892837524414,0.1972513198852539,0.9986075722926225,0.19910926451662658,0.19905400078833269,5.015374722602293
modify,0.617148,0.005676,0.8188865398167724,0.007531418719658818,0.007518894295475722,108.7293868921776
modify,0.6231422424316406,0.010064125061035156,0.9937458542594523,0.016049598109615374,0.01604797713159433,61.91717994882972
modify,0.7515964508056641,0.27779483795166016,0.9976792807143421,0.3687486201094777,0.3684325960785109,2.7055810552406716
modify,0.460424,0.219756,0.9844190829829447,0.46985387382065225,0.46638554009071936,2.0951600866415476
modify,0.7325029373168945,0.4682292938232422,0.9967146936497656,0.6371182876895135,0.6357831253296747,1.5644107427277207
modify,0.842416,0.06076,0.9799210006583279,0.07067766993979221,0.07057546145494029,13.864647794601712
modify,0.7995166778564453,0.037749290466308594,0.9984841977616654,0.047143569422940665,0.04714019565512981,21.179647828613295
modify,0.464924,0.003804,0.7371188222923238,0.006031093253951183,0.0060181488826503895,122.21976866456362
modify,0.559204,0.004668,0.7823479005998286,0.00653071151136258,0.006518867587733391,119.79520137103685
modify,0.58563232421875,0.061725616455078125,0.9938662629009332,0.1047534523189161,0.1046857734300877,9.487670724924294
modify,0.6900501251220703,0.1692333221435547,0.9952551083661118,0.24408419365092526,0.24380048922436404,4.077507410371139
insert,0.566268,0.035452,0.9713415322125691,0.06081219493243482,0.06070328089634116,15.972808304185943
remove,0.674452,0.083024,0.956879938331085,0.11779044320426064,0.11716851122070934,8.123578724224322
modify,0.6326446533203125,0.0633096694946289,0.9988551630639452,0.09995688719519548,0.09994543689671596,9.992859832793552
insert,0.6730079650878906,0.14003562927246094,0.9985630422642641,0.20777525860847385,0.2077131536411814,4.805976654544464
modify,0.674984,0.172972,0.9889461878223065,0.2534282294098823,0.25271238122252165,3.902273200286752
modify,0.693452,0.036628,0.9731353063230316,0.05140081793693003,0.051327984148287244,18.93229223544829
modify,0.7094278335571289,0.4734821319580078,0.9992446856079374,0.6669099825377173,0.6665739576279385,1.498320180792053
modify,0.19918,0.081804,0.9877756588919857,0.40568330153629883,0.4036567089619343,2.4348442618942836
modify,0.12616443634033203,0.0037488937377929688,1.0,0.02971434618611718,0.02971434618611718,33.65377766471636
modify,0.771412,0.062396,0.9816013847041477,0.07939726112635012,0.07927927927927927,12.363164305404192
modify,0.7676763534545898,0.02605724334716797,0.994876111700765,0.03376908618614179,0.03376321408210337,29.461149946931158
modify,0.604368,0.03594,0.9490261547022816,0.05643581394117491,0.0562652589904322,16.81602671118531
modify,0.6753292083740234,0.18529701232910156,0.9916262648097253,0.2720826849155668,0.2714589840805567,3.6445768870497894
modify,0.5979452133178711,0.12072467803955078,0.9660160045501583,0.19503788730619737,0.19370878498573563,4.952965897510842
modify,0.76052,0.013696,0.24649532710280375,0.004439068006101088,0.004379637797727155,55.5286214953271
modify,0.84722,0.183976,0.9912162455972519,0.2152451547413895,0.21483537455998566,4.605057181371483
modify,0.614032,0.00752,0.850531914893617,0.010416395236730333,0.010397362620213409,81.6531914893617
modify,0.681688,0.201192,0.993041472821981,0.2930842262149253,0.2924835453118778,3.3882460535210144
modify,0.385696,0.015256,0.9323544834819087,0.03687878536463951,0.036780372768457414,25.281594126900888
modify,0.4102487564086914,0.039351463317871094,0.8623948816130674,0.08272176336717212,0.08164412476626401,10.425247800693114
modify,0.265344,0.013292,0.9259705085765875,0.04638506994693681,0.04621369138806284,19.96268432139633
modify,0.29213428497314453,0.0053234100341796875,0.9901469007524185,0.018042928262466333,0.018039689274756836,54.87728412755285
modify,0.625156,0.011752,0.915929203539823,0.01721810236165053,0.017190933714928195,53.19571136827774
modify,0.4149,0.156444,0.9921761141366879,0.3741142443962401,0.373013813190299,2.6520671933727082
modify,0.3613004684448242,0.0176849365234375,0.9967644521138913,0.048789629696107444,0.04878190392994661,20.429842536669543
insert,0.4497261047363281,0.03885650634765625,0.9792362065580208,0.08460638036185354,0.08445486835810659,11.574023169055566
modify,0.737828,0.100172,0.9707702751267819,0.1317976547379606,0.13127669570006859,7.365611148824024
modify,0.802428,0.27128,0.9930698908876437,0.33573105624429855,0.33494631409857917,2.957932763196697
remove,0.6732664108276367,0.10593795776367188,0.9857585250801195,0.15510835430917133,0.15476155143148287,6.355289690684527
modify,0.617416,0.042548,0.9718905706496193,0.06697591251279526,0.06684642392970068,14.511046347654412
modify,0.6861724853515625,0.21900081634521484,0.9951793902603652,0.3176243634503769,0.3171364300572708,3.1331960163561066
remove,0.576991081237793,0.1370697021484375,0.9980449181787822,0.23709503337911703,0.23698496613249628,4.2094720583324055
modify,0.93012,0.117828,0.9793257969243304,0.12406141143078313,0.12373734124277791,7.893879213769222
insert,0.8960914611816406,0.03321552276611328,0.9393321657239656,0.03481833081458462,0.03474020768094566,26.978092968503258
insert,0.8596029281616211,0.0533294677734375,0.9989628040057225,0.06197530617656228,0.06197131849077619,16.118723175965666
modify,0.505832,0.031072,0.9352471678681772,0.0574499043160575,0.05722229661077024,16.279351184346034
modify,0.7549715042114258,0.5131139755249023,0.9977956988248063,0.6781486651213612,0.6771342190201948,1.4713524484284597
insert,0.3970651626586914,0.18175029754638672,0.9966575540851825,0.45620423054475406,0.45550732631477975,2.1846740721695466
modify,0.942748,0.43342,0.996197683540215,0.45799301616126475,0.45719380429396145,2.1751372802362603
modify,0.777958869934082,0.2275247573852539,0.9993419315357306,0.2922712746200118,0.2922150345750613,3.4192273354095324
modify,0.550908,0.06798,0.9845248602530156,0.1214867092146057,0.12125516341763896,8.10397175639894
modify,0.5849676132202148,0.15899085998535156,0.9977026524467051,0.27116988896007876,0.2710006745241672,3.6792530921218374
insert,0.5400056838989258,0.010037422180175781,0.9688361045130641,0.01800836045684051,0.01799793492361865,53.79923990498812
modify,0.622588,0.019012,0.9480328213759731,0.028950124319774874,0.028904255455630107,32.74710709025879
remove,0.731596,0.190156,0.9933107553797934,0.25818074456393963,0.25773263398047125,3.8473463892803808
insert,0.694504,0.160204,0.989288656962373,0.2282031492979162,0.22764068828818476,4.335122718533869
modify,0.62644,0.030984,0.9613994319648851,0.047551241938573525,0.047460630046714976,20.218177123676735
modify,0.7423763275146484,0.07304000854492188,0.992322557058547,0.09763141059403575,0.09755771951128717,10.163968245678173
modify,0.6836891174316406,0.13230609893798828,0.9962806253739197,0.1927981587390152,0.19265948905516464,5.167479979529023
modify,0.538644,0.04602,0.9704476314645806,0.0829119047088615,0.08270309108821416,11.704563233376794
insert,0.710964,0.010628,0.9066616484757245,0.01355342886559657,0.013534544269589693,66.89537071885586
remove,0.8526191711425781,0.14702701568603516,0.9933903703079089,0.17130182677207628,0.1711068034925228,5.799064662805104
modify,0.659992,0.28816,0.9937257079400333,0.43387192572031175,0.43268661226956784,2.2903664630760687
insert,0.5707206726074219,0.008727073669433594,0.9936618948748771,0.015194404154774716,0.015192931686109653,65.39656868101846
modify,0.726884,0.230544,0.9930425428551599,0.314960846572493,0.31426735924270544,3.1529079047817334
insert,0.484008,0.097148,0.9972413225182196,0.2001619807937059,0.20005121046675864,4.98217153209536
remove,0.57728,0.023188,0.9563567362428842,0.03841463414634146,0.03834740926729057,24.895635673624287
modify,0.704356,0.235092,0.9946233814846953,0.3319741721515824,0.33137949604603045,2.9960866384224047
remove,0.6355476379394531,0.15443038940429688,0.9922374824000197,0.2411017076318238,0.24064779826173435,4.115431168638688
modify,0.5446262359619141,0.0016126632690429688,0.8497930218805441,0.00251627612146767,0.002515157455507792,337.7185097575399
remove,0.663556,0.094488,0.9888239776479553,0.14080499611185793,0.14058127147869734,7.022648378630091
modify,0.420296,0.011936,0.9001340482573726,0.025562936597064927,0.02549064267547356,35.21246648793566
modify,0.4271993637084961,0.06188774108886719,0.9976885382315777,0.14453366551252259,0.14448528345172182,6.902810737510402
modify,0.636268,0.030496,0.9674711437565582,0.04637039737972049,0.04629821422967078,20.86398216159496
insert,0.677304,0.111528,0.9992468259091887,0.16454059034052657,0.16452018636291166,6.072950290510007
modify,0.816608,0.006384,0.8452380952380952,0.0066078216231043535,0.006599836594112496,127.91478696741855
modify,0.8791112899780273,0.24842453002929688,0.9969135328532163,0.28171379289770726,0.2814682983983638,3.5387459115826974
modify,0.8810787200927734,0.051441192626953125,0.9733036707452726,0.05682568477656141,0.05673725140978561,17.12788283277716
modify,0.779908,0.057488,0.9815613693292513,0.07235212358380733,0.07225392077524304,13.566448650153077
modify,0.872272,0.168752,0.9856594292215796,0.19068822569106883,0.19016065083480813,5.168957997534844
modify,0.299416,0.001624,0.39408866995073893,0.0021374943222807062,0.0021304926764314247,184.36945812807883
insert,0.30561256408691406,0.0024509429931640625,0.9883268482490273,0.007926155689669161,0.007925413744040339,124.69182879377432
insert,0.3447122573852539,0.004773139953613281,0.9934065934065934,0.013755439789518532,0.013754184071481922,72.21918081918082
modify,0.609516,0.066508,0.9824983460636314,0.10720637358166152,0.10700203052335101,9.164551632886269
modify,0.6132583618164062,0.3441295623779297,0.9949174994318906,0.5582973588285789,0.5567095995856607,1.7820566114076366
insert,0.4998607635498047,0.009735107421875,1.0,0.019475638281229134,0.019475638281229134,51.34619905956113
modify,0.67356,0.062884,0.9811716811907639,0.09160282677118593,0.09144208766584068,10.711150690159661
insert,0.21452,0.016196,0.8893553963941714,0.06714525452172292,0.06658900107252487,13.245245739688812
modify,0.46588,0.004524,0.7427055702917772,0.0072121576371597836,0.007194182989183032,102.97966401414678
modify,0.520228,0.02492,0.9601926163723916,0.04599521748156578,0.04590767813974905,20.87592295345104
remove,0.4949817657470703,0.049279212951660156,0.9919493739477097,0.09875613167741115,0.09867704190265708,10.044433263019371
insert,0.5606584548950195,0.048442840576171875,0.9941137097409245,0.08589488223197078,0.08585121864969261,11.573608158122687
insert,0.5991592407226562,0.14783000946044922,0.997393733347956,0.24608604026332878,0.24592789835016257,4.0530284947519855
modify,0.6239509582519531,0.2116546630859375,0.9943362050320813,0.3372955705682756,0.3366487825639915,2.947966981472136
modify,0.5671,0.054892,0.9689572250965532,0.09378945512255334,0.09350848446916689,10.331195802667056
modify,0.5406589508056641,0.18538761138916016,0.9932044878159193,0.34056184095872094,0.3397701335520191,2.9163704454378503
insert,0.602996826171875,0.17514324188232422,0.9927743382829388,0.2883559390657422,0.2877520260726151,3.4428780676391635
modify,0.711644,0.069984,0.9495884773662552,0.09338377053695388,0.09292310101625903,10.168667123914037
modify,0.7139921188354492,0.055022239685058594,0.9651616257907965,0.07437806791999199,0.0741789165895149,12.976427766704221
modify,0.950856,0.044864,0.9507845934379457,0.04486063084210438,0.044756700494405416,21.194186875891585
insert,0.843312,0.022216,0.9530068419157364,0.025105773426679568,0.025074731511353032,37.95966870723802
modify,0.8512248992919922,0.02830219268798828,0.9996293425885365,0.03323645994617813,0.03323605034814611,30.076288034504834
modify,0.555532,0.02942,0.9570360299116247,0.050682948957035776,0.05056789201071847,18.882800815771585
modify,0.5623054504394531,0.14105796813964844,0.9929619363126225,0.24909093992741088,0.24865193401968302,3.9863430464471636
modify,0.46023082733154297,0.11467456817626953,0.9922491579691464,0.24723624962960047,0.2467596930006887,4.013364381055346
modify,0.399844,0.024076,0.9496594118624356,0.057182301097427994,0.057009494933375884,16.60757600930387
modify,0.31886,0.058936,0.9816071670965115,0.1814338581195509,0.18081914335008625,5.410275553142391
modify,0.934624,0.661892,0.9950022057979248,0.7046512822268635,0.7021660418878981,1.4120490956228509
insert,0.7391605377197266,0.10797882080078125,0.9932788101462587,0.14510119138241132,0.1449588632517301,6.845421465413693
insert,0.6954984664916992,0.08837318420410156,0.9967949409707983,0.12665727845020383,0.12660571835850765,7.870017050482377
modify,0.425536,0.003352,0.6921241050119332,0.0054519476613024516,0.005438757712721067,126.94988066825776
remove,0.4882793426513672,0.08358192443847656,0.9842655347892563,0.1684830800120313,0.16803051169023933,5.841925104401999
modify,0.3892326354980469,0.027585983276367188,0.996784899398465,0.0706448767579752,0.07062878307241208,14.10979741409113
insert,0.636844,0.118676,0.9905625400249418,0.1845915169178009,0.1842674508279464,5.366240857460649
modify,0.5203142166137695,0.06931591033935547,0.9973033584194378,0.13286008332279425,0.13281237117179842,7.506418282129246
modify,0.684332,0.007924,0.7910146390711762,0.0091592969494339,0.009137186073225771,86.36193841494195
modify,0.59868,0.17714,0.9940160325166535,0.29411371684372284,0.2935938906859639,3.3796996725753643
modify,0.37841129302978516,0.23933982849121094,0.9998645234812684,0.6324002691579741,0.6323460853218154,1.5810627734434146
modify,0.54672,0.073808,0.9866139171905485,0.13319432250512145,0.13295405581076047,7.407327119011489
modify,0.6764421463012695,0.27123069763183594,0.9947821072691856,0.3988743847816371,0.3980416018908671,2.493973404217914
insert,0.602924,0.024044,0.9545832640159707,0.038067816175836426,0.03799899340414824,25.075860921643656
modify,0.392192,0.01634,0.9023255813953488,0.037593831592689295,0.03744146596645911,24.001958384332923
modify,0.42430686950683594,0.2232799530029297,0.9911671493127632,0.5215747620909921,0.5191616739674173,1.9003357166653854
modify,0.3402366638183594,0.13380908966064453,0.3932962247610631,0.15467648081084415,0.12487949489692005,2.542702178762588
modify,0.485132,0.040852,0.9757172231469695,0.08216320506583775,0.08199554023253326,11.87535493978263
modify,0.832876,0.156796,0.9924232761039823,0.186832133474851,0.18656601891461566,5.311844689915559
modify,0.787776,0.068744,0.9856278366111951,0.08600922089527988,0.08590148637615307,11.45956010706389
insert,0.7741622924804688,0.03587627410888672,0.9976607565326032,0.04623365296488652,0.04622864153248852,21.57867035274728
modify,0.632156,0.064644,0.9573664995977972,0.09789988547130772,0.09747492565898896,9.779035950745625
insert,0.6000566482543945,0.08336544036865234,0.9990733855745582,0.13880054990027096,0.1387826838671129,7.1979065377795575
modify,0.803034782409668,0.0720357894897461,0.9816508903157477,0.08805844832152278,0.08791374259125546,11.147719600185345
modify,0.827896,0.192356,0.9882093618083138,0.2296037183414342,0.22897644320881175,4.303978040716172
insert,0.7798795700073242,0.010890007019042969,0.9856379718013837,0.013763156317906288,0.013760396710219861,71.61423942551887
modify,0.699248,0.008,0.993,0.01136077614809052,0.01135986638143068,87.40599999999999
modify,0.7086591720581055,0.04100990295410156,0.9876982465931817,0.05715781413381816,0.05711715249350468,17.280196269940934
modify,0.660716,0.164688,0.9848197804333042,0.24547309282656996,0.24454777930568622,4.011925580491596
insert,0.6683816909790039,0.0737314224243164,0.9963395547967353,0.10990955255697019,0.10986518943651125,9.065086078667235
modify,0.627792,0.129392,0.9760108816619265,0.20116216836149553,0.20017245314600188,4.851861011499938
modify,0.555712,0.052464,0.9701128392802684,0.09158700909823794,0.09132931380993396,10.59225373589509
modify,0.5905618667602539,0.09940624237060547,0.9927183767448554,0.16709917981296699,0.16689462071457142,5.940893174077805
modify,0.5522851943969727,0.0780181884765625,0.996785155486016,0.14081017003589974,0.14074625113915662,7.078928711128496
modify,0.243012,0.006836,0.8490345231129316,0.02388359422579955,0.02378259658094442,35.54885898186074
modify,0.796112,0.23706,0.9937568548046908,0.29591313784995077,0.29536404577779113,3.358272167383785
modify,0.6232852935791016,0.08930683135986328,0.9980992044423087,0.14301168060566558,0.1429727414568483,6.979144641999039
modify,0.6339712142944336,0.015692710876464844,0.9943482224247949,0.0246131351285488,0.02460969226604097,40.399088422971744
modify,0.789448,0.12956,0.986168570546465,0.16184473201528157,0.16147818613821344,6.0933004013584435
modify,0.7793712615966797,0.12883377075195312,0.9882672549077666,0.16336527048688865,0.16304904038152696,6.049432979006899
modify,0.7759943008422852,0.09725189208984375,0.9942633560837845,0.12460657573102255,0.12451705445587112,7.979220600925708
modify,0.32018,0.076088,0.9648827673220481,0.22929602098819413,0.22739831253949178,4.208022289980023
modify,0.6076087951660156,0.4523305892944336,0.9948260921815801,0.7405920982414727,0.73775051674698,1.3432847778740593
modify,0.38868,0.031908,0.9689106180268271,0.07954101059997942,0.07933852060194214,12.181271154569389
insert,0.285652,0.042376,0.9670568246177081,0.14346127455785362,0.14276357961037875,6.740891070417218
modify,0.3151407241821289,0.0498046875,0.986538756127451,0.15591210746590245,0.1555811228680485,6.327531403186274
modify,0.706364,0.038476,0.9744256159683958,0.053077450153178815,0.05300361349717537,18.358561180995945
insert,0.6772899627685547,0.014208793640136719,0.9934223773407611,0.020840901730522818,0.020838026265402203,47.66695751392711
insert,0.7117929458618164,0.010721206665039062,0.950186799501868,0.014311955614448082,0.014301225417676915,66.39112257605409
modify,0.990896,0.397316,0.9959729786869898,0.3993516978572928,0.3987079041124599,2.4939745693604083
modify,0.7343292236328125,0.05870532989501953,0.9999675097876765,0.07994155844155844,0.07994135080168623,12.50873174456195
modify,0.5705366134643555,0.15474891662597656,0.9980032785672908,0.2706924016842429,0.2705458797978532,3.6868536846905697
modify,0.707428,0.103996,0.9985384053232816,0.14679091017036364,0.1467593770315724,6.802453940536173
modify,0.8554220199584961,0.26897430419921875,0.9986101262232308,0.3139976030547117,0.3138604383713687,3.180311303361225
insert,0.546992,0.03306,0.9702359346642468,0.05864071138151929,0.05853541030994058,16.545432546884452
modify,0.5910491943359375,0.15415191650390625,0.9986142044048503,0.26044920614431394,0.26035510593821776,3.834199455580302
modify,0.588608,0.064472,0.9816974810770567,0.1075282700880722,0.10731313624556621,9.129668693386277
modify,0.5231428146362305,0.0058460235595703125,0.9822185970636216,0.010976109961626455,0.01097392939941385,89.48694942903752
modify,0.6080465316772461,0.03529548645019531,0.9993785463388274,0.05801127068946318,0.05800917808176209,17.2273169413672
modify,0.600372,0.082252,0.9941642756407139,0.13620222128946718,0.13609341401876002,7.299178135486067
remove,0.806236,0.24132,0.9918448533068125,0.29687585272798533,0.2961529514825465,3.340941488480026
modify,0.827692,0.153432,0.9780228374784921,0.1812993239030944,0.18056371109806224,5.394520047969133
insert,0.8232030868530273,0.3957653045654297,0.9102243427552471,0.43760187490370034,0.41949609471740146,2.0800284344201065
modify,0.928276,0.01758,0.9437997724687145,0.01787399437236339,0.017854990616229617,52.80295790671218
modify,0.9579143524169922,0.043395042419433594,0.9838252422917171,0.04456884690665302,0.04453621334245938,22.074280816649452
modify,0.9350404739379883,0.12750530242919922,0.9961779818846812,0.1358422211592302,0.13577145932809498,7.333345799145842
modify,0.68638,0.030208,0.9936440677966102,0.0437308779393339,0.04371864859038819,22.721795550847457
remove,0.668976,0.119956,0.9912301177098269,0.17774030757456172,0.17746124042577324,5.57684484310914
modify,0.6585683822631836,0.04157829284667969,0.9935088765539704,0.06272454634578653,0.06269885154637385,15.839235744758934
modify,0.776096,0.108552,0.9726214164639988,0.1360398713561209,0.1355209044653355,7.149532021519641
modify,0.646788,0.062892,1.0,0.0972374255552051,0.0972374255552051,10.28410608662469
insert,0.5966405868530273,0.015120506286621094,0.9969725638599811,0.025266014836411065,0.02526407648748304,39.45903500473037
modify,0.6420412063598633,0.194732666015625,0.9984622316251371,0.3028360335042014,0.3026948539291478,3.297039061275662
modify,0.555144,0.129584,0.9870354364736387,0.23039787874857695,0.22970274269787222,4.284047413260896
modify,0.5408058166503906,0.019509315490722656,0.9970181356015057,0.03596696033688606,0.035963091810268064,27.72038910886249
remove,0.7669,0.112064,0.981082238720731,0.14336158560438128,0.1429663727861434,6.843410908052542
modify,0.7172050476074219,0.021439552307128906,0.9970641875361417,0.029805436915925132,0.029802821395806464,33.45242649348339
modify,0.7506990432739258,0.006137847900390625,0.9836855189558732,0.008042786455190461,0.00804171377037103,122.30655686761963
modify,0.68518,0.035192,0.9712434644237327,0.049884701830176015,0.04981113157833376,19.469765855876336
modify,0.7351512908935547,0.40226268768310547,0.9969393294974194,0.5455087940513348,0.5445967314767928,1.827540344663267
modify,0.6819267272949219,0.03055286407470703,0.9829884196397914,0.04404155222277541,0.044008010095067475,22.319567999500578
modify,0.690892,0.07908,0.980930703085483,0.11227804056205601,0.11203350664355864,8.73662114314618
modify,0.520892,0.10562,0.9812535504639273,0.1989663884260077,0.19821294695451278,4.93175534936565
insert,0.5420150756835938,0.1341400146484375,0.9836125014219088,0.24342827583294624,0.2424450055988883,4.040666590831532
modify,0.296092,0.032904,1.0,0.11112762249571079,0.11112762249571079,8.99866277656212
modify,0.30603599548339844,0.012132644653320312,0.9997641880207514,0.03963515341132184,0.039634782879668436,25.224178588272284
insert,0.1780385971069336,0.03329753875732422,0.9825003580123156,0.1837514127925351,0.18315198240237482,5.346899613346699
modify,0.598968,0.018232,0.9460289600702062,0.028796196123999945,0.028748966583993386,32.85256691531373
modify,0.416732,0.21374,0.9871245438383083,0.506291813443652,0.5029703159119299,1.9497146065312996
remove,0.566116,0.086764,0.9844636024157485,0.15088073822326167,0.15052232388310097,6.524779862615832
remove,0.5233936309814453,0.09062957763671875,0.9993686337233774,0.17304826007893326,0.17302934349709773,5.775086286724472
modify,0.810964,0.273648,0.9997807402210138,0.3373614611746021,0.3373365029888141,2.963529790095305
insert,0.7202825546264648,0.041778564453125,0.9998858655953251,0.05799640129172178,0.05799601734994889,17.240481190650108
modify,0.8521842956542969,0.2468709945678711,0.9995132560466347,0.28955101949461715,0.2895101968656359,3.451941760699675
modify,0.680284,0.294864,0.9970969667372077,0.43218420542008923,0.4316410723199342,2.3071110749362416
insert,0.5499305725097656,0.04646587371826172,0.996346694579562,0.0841853899459632,0.08415941139554317,11.835149723949675
modify,0.6847314834594727,0.20751476287841797,0.9954318803281326,0.3016756430773002,0.30125857630249225,3.2996760035846413
modify,0.792508,0.11114,0.9815008097894548,0.13764403640089437,0.13728787108401588,7.130718013316537
modify,0.563716,0.268572,0.990304275948349,0.4718120472010729,0.469642604887696,2.098938087365772
modify,0.54772,0.207128,0.9935691939283922,0.37573212590374644,0.37482059987032196,2.644355181337144
insert,0.5433578491210938,0.10727310180664062,0.9972707229472636,0.19688741768348333,0.19678138578638352,5.065182603748089
modify,0.787584,0.119232,0.9890633387010198,0.14973386965707786,0.14948636561844014,6.605475040257648
modify,0.6995687484741211,0.19168567657470703,0.9981492261078524,0.2734983661667696,0.273359739373204,3.6495619337602054
modify,0.6421012878417969,0.0053424835205078125,0.9403784362727597,0.0078242426762831,0.007820363228260192,120.18779007497322
insert,0.71012,0.02056,0.9336575875486381,0.027032050920971103,0.026980227243339275,34.538910505836576
insert,0.7138881683349609,0.019583702087402344,0.9721938154370586,0.026669659054779405,0.026649331163725726,36.45317750182615
insert,0.7103662490844727,0.06610298156738281,0.9912716045820469,0.09224257020995526,0.09216770984522682,10.746357157284242
modify,0.633832,0.235032,0.9939582695122366,0.3685708515821227,0.36774697285486707,2.696790224309881
insert,0.576604,0.034524,0.9989572471324296,0.059812280178424014,0.05980854605993341,16.70154095701541
modify,0.7863607406616211,0.26528453826904297,0.9999820254447803,0.3373512386621212,0.33734919302807304,2.9642162554687586
modify,0.849144,0.2833,0.9938722202612073,0.3315856910017618,0.33090917638209855,2.997331450758913
modify,0.792881965637207,0.204071044921875,0.9967287273814864,0.2565368891155489,0.2563210779512485,3.885323201734709
modify,0.503616,0.105492,0.9895726690175558,0.20728491549116787,0.2068331497317303,4.773973381867819
modify,0.456684,0.02864,0.9431564245810056,0.059148119925375095,0.058938016024018575,15.945670391061453
modify,0.49819183349609375,0.09952831268310547,0.9869110700152353,0.19716419853290248,0.19664997957071778,5.005528779356669
modify,0.46074771881103516,0.06109619140625,0.9990478271728271,0.1324760053733061,0.13245928102816698,7.541349275724276
modify,0.429452,0.002336,0.5787671232876712,0.0031481981688291126,0.003141001217370294,183.84075342465755
insert,0.48191165924072266,0.010329246520996094,0.9944603453051426,0.021315164024451785,0.021312633438930233,46.65506416766688
insert,0.4770383834838867,0.05730438232421875,0.9893988816402609,0.11885184452161188,0.11870068364054563,8.324640527226734
remove,0.541348,0.174792,0.9921277861687033,0.32034107450290755,0.3195288949816113,3.0970982653668364
modify,0.4019031524658203,0.056423187255859375,0.9971942397403827,0.1399961084508312,0.13994098559744966,7.123013994996958
modify,0.4476642608642578,0.016336441040039062,0.9944541739638062,0.03629023668008777,0.03628289368590324,27.40280210157618
modify,0.85542,0.008452,0.836251774727875,0.008262607841761941,0.00824926120793087,101.20918125887364
modify,0.8506965637207031,0.02002716064453125,0.9999047619047619,0.023539830945494496,0.023539778166906198,42.47714285714286
modify,0.8839683532714844,0.10079383850097656,0.9899138991389914,0.11287420110733751,0.11274453810128302,8.770063392941621
insert,0.647348,0.00756,0.8486772486772487,0.009911206955146227,0.0098937226673575,85.62804232804234
insert,0.6500883102416992,0.0149993896484375,0.9823880976602238,0.02266649258362221,0.022657285642222823,43.34098423194303
insert,0.556216,0.05236,0.9352941176470588,0.08804493218461892,0.08751188340326374,10.622918258212378
insert,0.489364,0.0903,0.9877740863787375,0.18226923108361057,0.1818589591981536,5.419313399778516
modify,0.46219348907470703,0.08473491668701172,0.9976364925549516,0.18289882284971473,0.18281960586154625,5.454581265264319
modify,0.389508,0.088544,0.9775027105168052,0.22220852973494767,0.2210779054916986,4.399033249006144
insert,0.3825645446777344,0.07475090026855469,0.9905335408639738,0.19354452720691614,0.19318719052477046,5.117858692046643
modify,0.4454507827758789,0.12395668029785156,0.9893135761436551,0.27529871180867027,0.27448247302968337,3.5936004554616936
modify,0.251464,0.034648,0.96582775340568,0.13307670282823783,0.1324530572179475,7.257677210805819
modify,0.24729061126708984,0.013303756713867188,0.9685304659498208,0.05210506627381866,0.05201700148609004,18.588028673835126
insert,0.83798,0.039768,0.9703279018306176,0.04604883171436072,0.04598407931741265,21.07171595252464
insert,0.829864501953125,0.02972888946533203,0.9947711160298977,0.03563646894421359,0.03562979482707313,27.91441311391268
modify,0.6342,0.156784,0.9933156444535156,0.24556291390728477,0.24515779664005238,4.0450556179201955
modify,0.7016839981079102,0.18790912628173828,0.991920299233139,0.26563364316789645,0.2650601265865702,3.734166679354639
modify,0.51519775390625,0.09833335876464844,0.9924934535932499,0.189432531690558,0.18916151261187658,5.239297837261177
modify,0.621756,0.025116,0.9593884376493073,0.03875475266824928,0.03869127904736213,24.755375059722887
remove,0.534112,0.02844,0.960900140646976,0.051165298663950635,0.05105899585967744,18.7803094233474
modify,0.440412,0.207944,0.9920940253145077,0.46842502020835036,0.4666829541958485,2.117935598045628
modify,0.3881340026855469,0.0997934341430664,0.9948777247923853,0.25579378261766933,0.2554573472973371,3.8893741458892785
modify,0.36108875274658203,0.1213216781616211,0.9799237511299768,0.3292431377416944,0.3270371448884132,2.976292103918563
modify,0.94178,0.087212,0.9883502270329771,0.09152455987597953,0.09142592883296068,10.798743292207494
modify,0.863572,0.007032,0.9141069397042093,0.007443502105209525,0.007438299605635889,122.80602957906711
modify,0.597912,0.043316,0.9759903961584634,0.07070605707863364,0.07058328547195769,13.80349062702004
modify,0.6270008087158203,0.011923789978027344,0.9984003839078621,0.018986764173528955,0.01898618661004627,52.584019835239545
modify,0.423496,0.015536,0.895211122554068,0.032840924117347035,0.03271516075309792,27.25901132852729
modify,0.559164,0.106172,0.9980032400256188,0.18949717792990964,0.1894253596865078,5.266586293938138
modify,0.4821596145629883,0.11330318450927734,0.9967931182506081,0.23423744167601235,0.23406105596863006,4.255481579368219
modify,0.4850950241088867,0.08837509155273438,0.994485690853369,0.18117638732431748,0.18099455977374942,5.489046920188199
modify,0.41572,0.008388,0.8803051979017644,0.017761955162128355,0.017719161843330358,49.56127801621364
modify,0.786156,0.047092,0.9710354200288797,0.05816657253776604,0.05806582689963429,16.69404569778306
modify,0.540424,0.013016,0.9200983405039951,0.02216037777744882,0.022117813926687647,41.519975414874004
insert,0.480644,0.223884,0.9920494541816298,0.46209668694501543,0.4603916886390395,2.1468439013060334
insert,0.41505908966064453,0.11183834075927734,0.9934681208482916,0.2676915865732582,0.2672212703589786,3.7112414834016936
insert,0.546966552734375,0.11919593811035156,0.9960635591186213,0.21706396808569994,0.21687792233131484,4.588801945817932
modify,0.788388,0.142192,0.9927140767413075,0.17904382106272546,0.17880885303715113,5.544531337909305
modify,0.585404,0.1604,0.9925685785536159,0.27196261043655323,0.2714099652912737,3.6496508728179555
modify,0.706724,0.010868,0.9006256900993743,0.01384981973160668,0.013828687037654492,65.02797202797204
modify,0.637288,0.014444,0.9174743838271947,0.020794366126460878,0.02075554441799273,44.121296039878146
modify,0.6712026596069336,0.23819732666015625,0.9957520579097402,0.3533738652784073,0.35284195054960643,2.81784295826527
modify,0.6400394439697266,0.3234519958496094,0.9940530244955242,0.5023572184226602,0.5008519684407715,1.9787772287153118
modify,0.586192,0.017448,0.9383310408069693,0.027929415618091,0.027878242982760853,33.59651535992664
remove,0.5817604064941406,0.008861541748046875,0.9931123547137323,0.015127372873020557,0.015125785957343579,65.65002152389152
modify,0.762664,0.014444,0.9263361949598449,0.017543767635551172,0.017519326252278297,52.801440044309054
modify,0.7726831436157227,0.01556396484375,1.0,0.020142751880051886,0.020142751880051886,49.645649509803924
modify,0.7848930358886719,0.047092437744140625,0.9995342243823411,0.05997059609730019,0.05996892021437519,16.66707168894289
insert,0.5058326721191406,0.035594940185546875,0.9926320865930769,0.06985052903070113,0.06981433220459073,14.210802700675169
modify,0.6023349761962891,0.21527099609375,0.9928763821944996,0.3548482094510081,0.35394708165798594,2.798031258860221
insert,0.5549173355102539,0.01978588104248047,0.9962404203017303,0.0355214969589584,0.03551673594512253,28.046127150913385
modify,0.550128,0.300928,0.9994018502764781,0.5466873164063636,0.5465085006941567,1.8281050616758825
insert,0.5307998657226562,0.0742807388305664,1.0,0.1399411409598551,0.1399411409598551,7.145861418172014
modify,0.4596595764160156,0.016121864318847656,0.9999408459035788,0.03507141256628796,0.035071339802360636,28.51156462585034
modify,0.718284,0.00778,0.8704370179948586,0.009428025683434408,0.009414813455453417,92.32442159383034
modify,0.98392,0.557732,0.9976906471208394,0.5655378486055777,0.5647984994031717,1.7641447863848587
remove,0.9162807464599609,0.006220817565917969,0.9780775716694773,0.006640368863123055,0.006639380685229876,147.29265675302776
modify,0.9295225143432617,0.12168407440185547,0.9996394843058114,0.13086310821555902,0.1308569323939876,7.638818135506877
modify,0.273884,0.003664,0.7314410480349345,0.009785164522206482,0.009750134610067377,74.75
modify,0.80402,0.076216,0.9867744305657604,0.0935399616924952,0.0934228374665229,10.549228508449668
modify,0.530612,0.204476,0.994835579725738,0.38336863847783315,0.3826071909537531,2.5949842524306033
insert,0.55758,0.035156,0.972010467629992,0.061286272821837226,0.061178307230684396,15.86016611673683
insert,0.558516,0.03218,0.9690490988191424,0.055833673520543727,0.05573428273209511,17.35599751398384
modify,0.846712,0.06824,0.9845838218053927,0.07935165676168521,0.07925318838733421,12.407854630715125
modify,0.8686208724975586,0.05485725402832031,0.9998261534717152,0.06314344845001454,0.06314275519446655,15.834202565974758
modify,0.426208,0.011888,0.9155450874831763,0.025536827089120806,0.025476812449088507,35.85195154777927
insert,0.725784,0.121108,0.9878785877068402,0.16484243245924407,0.164509688526123,5.992865871783862
modify,0.725964,0.268324,0.9913239218258524,0.3664038437167683,0.3652326264739967,2.705550006708308
modify,0.62451171875,0.03883934020996094,0.9968079359622846,0.061993012118842845,0.06198070774896256,16.079359622845356
insert,0.6290187835693359,0.04684734344482422,0.9920200313498768,0.07388253630373544,0.07383865229420909,13.426989393970238
modify,0.627832,0.103656,0.9792390213784055,0.16167382357063673,0.1611215522933916,6.056880450721617
remove,0.7411270141601562,0.3360319137573242,0.9841381561209576,0.4462147805766875,0.44302857865614265,2.205525677228931
modify,0.7133493423461914,0.07230091094970703,0.99178241198739,0.10052125598762568,0.10043760285537198,9.866394945457904
modify,0.365572,0.084256,0.980725408279529,0.226034816670861,0.225035131101646,4.338824534751234
modify,0.3740835189819336,0.03997802734375,0.9612833969465648,0.10273164140673796,0.1023083289749618,9.357228053435115
modify,0.29581165313720703,0.0059032440185546875,0.9095315024232633,0.018150692660092012,0.01811798249989541,50.11001615508885
modify,0.547328,0.00432,0.7712962962962963,0.006087757249766137,0.006076787837670248,126.6962962962963
modify,0.5521936416625977,0.036884307861328125,0.990666046126797,0.06617249579891436,0.06613126490822917,14.970963905264247
modify,0.5391006469726562,0.018991470336914062,0.9934719292959727,0.03499808946943859,0.03499004276482178,28.386461785678417
modify,0.587788,0.139772,0.9809976247030879,0.23327458199214682,0.232225240666346,4.205334401739976
modify,0.5968437194824219,0.13138866424560547,0.9970240471507066,0.21948401817728605,0.21934032313180443,4.542581530220438
modify,0.4754619598388672,0.2234783172607422,0.9975803767272354,0.4688862679969031,0.4683536188329577,2.1275529799346233
modify,0.712228,0.103252,0.9761747956456049,0.14151648067753583,0.14102937225754456,6.8979583930577615
modify,0.6492881774902344,0.24782562255859375,0.9962672782686328,0.38026344392416295,0.3797224397842176,2.619939660745621
modify,0.6016674041748047,0.016448020935058594,0.9918826462573201,0.027115490082327616,0.027109474291401096,36.57992694381632
modify,0.54698,0.013484,0.9207950163156333,0.022699184613697028,0.02265494993139287,40.5651142094334
modify,0.5370559692382812,0.04663276672363281,0.9989979140251135,0.08674335516315543,0.08673580815102461,11.516708249826168
modify,0.723196,0.2694,0.994521158129176,0.3704721818151649,0.36971761017398214,2.684469190794358
insert,0.5818233489990234,0.13740825653076172,0.8319926708910836,0.19649033087138534,0.18899152284512047,4.234267748450546
modify,0.7380714416503906,0.09306716918945312,0.9772820428741239,0.12323044640042174,0.12287844605554918,7.930524244784195
modify,0.5085609115347018,0.04339545912756598,0.9168701467256208,0.07823645127866292,0.07768539279769926,11.719219516487383
modify,0.4463167190551758,0.01990985870361328,0.9695358528524213,0.04325027724536696,0.043191580618522386,22.41687023997701
modify,0.4428844451904297,0.012453079223632812,0.990657068463777,0.027855417120659434,0.027848101265822784,35.56425179966304
modify,0.805956,0.039276,0.9744373154089011,0.04748646328087389,0.04742738177852682,20.520317751298503
insert,0.650796,0.267916,0.9950880126606847,0.4096521797921315,0.4088254778320288,2.4291046447393962
modify,0.8642349243164062,0.42346954345703125,0.9965250878299252,0.4882908710506105,0.4874608789337258,2.040843167282227
modify,0.98208,0.294824,0.9942202805741731,0.29846855653307264,0.297951582867784,3.3310720972512415
modify,0.74502,0.097088,0.9887524719841793,0.1288502322085313,0.1286616486532853,7.6736568885959135
modify,0.60942,0.151804,0.9912518774208848,0.24691674050736767,0.24637984897208015,4.014518721509314
modify,0.6222591400146484,0.1383037567138672,0.9985036753044366,0.22192813332393338,0.22185435029408476,4.499220807877426
modify,0.5796422958374023,0.03995037078857422,0.9944140746222339,0.06853746057495981,0.06851108410234313,14.50905922513189
modify,0.798916,0.005116,0.7967161845191556,0.005101913092239985,0.005095280240413223,156.16028146989837
modify,0.591044,0.08338,0.9815303430079155,0.13846684849182125,0.138107002551537,7.088558407291917
modify,0.70772,0.083372,0.9828239696780694,0.11578025207709264,0.1155464554848608,8.488701242623423
modify,0.597987174987793,0.008604049682617188,0.9951230325870095,0.014318180005900787,0.01431717534792267,69.50066504101086
modify,0.9087362289428711,0.36225318908691406,0.9942029748584967,0.3963231428124662,0.395409394595851,2.5085665394234566
remove,0.676072,0.00256,0.615625,0.002331112662556651,0.0023277247376878724,264.090625
remove,0.6656370162963867,0.0020723342895507812,0.9838932351587667,0.0030631645154311567,0.003063010919676908,321.201564657156
remove,0.7294692993164062,0.041388511657714844,0.9996082859052052,0.0567156139855459,0.056714353508401524,17.62492223323118
modify,0.783004,0.004732,1.0,0.006043391860067126,0.006043391860067126,165.46999154691463
modify,0.781620979309082,0.11262702941894531,0.9969770868261952,0.143658589854183,0.14359604169055035,6.939905840911785
modify,0.7517499923706055,0.027120590209960938,0.9975385048174977,0.03598780616212527,0.03598461064240293,27.71879175750756
modify,0.872892,0.057404,0.9983276426729845,0.06565302465826242,0.06564580498242817,15.206118040554665
modify,0.626928,0.018636,0.9446233097231166,0.02807977949621009,0.028033632715459583,33.64069542820348
insert,0.6321744918823242,0.010352134704589844,0.9995393827729157,0.016367895993712314,0.01636777253472683,61.06706586826348
modify,0.6842546463012695,0.042138099670410156,0.9887292067443703,0.06088839891120889,0.060846166595403005,16.23838406699106
modify,0.475636,0.029628,0.9648980693938166,0.060104786012833346,0.05997365086557746,16.053597947887134
insert,0.6425275802612305,0.09636211395263672,0.9986243480498401,0.14976719471486732,0.14973630241675792,6.66784438308443
modify,0.550708,0.031268,0.9622617372393502,0.054635124240069145,0.05451830806250543,17.612511193552514
modify,0.393132,0.004628,0.7165082108902333,0.00843482596176348,0.008406770035797224,84.94641313742437
modify,0.4081430435180664,0.0062847137451171875,0.9983308042488619,0.015372608763718867,0.015372213654843684,64.94218512898331
modify,0.710928,0.040324,0.9667691697252256,0.05483537010780276,0.05473220753985859,17.630393810137885
modify,0.6849956512451172,0.2847013473510742,0.9972666155273656,0.4144889804669553,0.41401862920429544,2.4060147857341447
modify,0.5587358474731445,0.258819580078125,0.9915141197971937,0.4592926501637716,0.4574943044646197,2.1587850784105647
modify,0.810384,0.046524,0.976442266357149,0.056057375269008274,0.055981663134026714,17.41862264637606
modify,0.7691755294799805,0.22428321838378906,0.9997788908826506,0.29152465038888387,0.29150585612782687,3.4294831999591797
modify,0.621288,0.128468,0.9822835258585796,0.20311353188859274,0.2023721702984778,4.836130398231466
modify,0.6601219177246094,0.09974002838134766,0.9861834871157432,0.14900576144053349,0.14869534753969318,6.618425204379213
modify,0.5914163589477539,0.02635478973388672,0.9778541704360413,0.04357529287505341,0.043532332297501274,22.440564501537906
modify,0.879488,0.076916,0.986738779967757,0.08629566293115995,0.08619569612087567,11.43439596442873
modify,0.8627786636352539,0.12564563751220703,0.9992409809562122,0.14551851520246184,0.1455024320587452,6.866761797053488
modify,0.863215446472168,0.1555328369140625,0.9951008044736583,0.17929573870321616,0.17913760864334077,5.550052732267242
modify,0.785012,0.040764,0.9638897066038662,0.050052738047316477,0.04995905828980628,19.257482092041997
modify,0.597328,0.029488,0.879137276180141,0.04339994107090242,0.04314252810821246,20.256646771568093
modify,0.5880355834960938,0.0292510986328125,0.9985328638497653,0.04967077521894259,0.04966715046744886,20.10302556077204
modify,0.883528,0.147304,0.994677673382936,0.16583515180050887,0.1656881281719574,5.997990550154782
insert,0.8273611068725586,0.08599662780761719,0.9987246878257591,0.10380830637046122,0.10379454767156948,9.620855235433718
insert,0.675788,0.009228,0.8768964022540096,0.011974169414076604,0.01195407460808008,73.23233636757695
modify,0.675652,0.151188,0.9915337196073762,0.22187161438136793,0.22145208085893414,4.468952562372675
remove,0.50436,0.06726,0.983764495985727,0.131192005710207,0.13090857292087082,7.498661909009813
insert,0.5192556381225586,0.11844825744628906,0.9957327579266034,0.22713823673640304,0.22691735365837995,4.3838182960016745
insert,0.325044,0.006632,0.8516284680337757,0.017376109080616778,0.017323665452047065,49.01145958986731
modify,0.603568,0.011652,0.9138345348438036,0.01764175701826472,0.01761245972357304,51.79951939581188
modify,0.6162548065185547,0.16583919525146484,0.9968084188734582,0.26824927652857516,0.26801908016296994,3.7159780327208947
insert,0.6848764419555664,0.019504547119140625,1.0,0.028478928350124277,0.028478928350124277,35.11368081361236
modify,0.648096,0.060296,0.9782406793153775,0.09101120821606676,0.09082733812949641,10.74857370306488
remove,0.6444492340087891,0.061203956604003906,0.9951228633310999,0.09450776465992063,0.09446401022383877,10.529535503373483
insert,0.6215553283691406,0.02991771697998047,0.9935290554971151,0.04782216439482745,0.04780727385953852,20.775493289981192
modify,0.687564,0.194164,0.9868564718485404,0.27868242083646033,0.27765187301844907,3.541150779753198
insert,0.8161630630493164,0.08200263977050781,0.9725769311283232,0.09771806559641229,0.09744956401259895,9.952887679389669
modify,0.404012,0.020688,0.9431554524361949,0.048295595180341176,0.04815542414879019,19.528808971384375
modify,0.3964872360229492,0.005860328674316406,0.9967453213995118,0.014732517612875138,0.014731808921824002,67.65614320585843
modify,0.746248,0.005072,0.7823343848580442,0.005317267181955597,0.005309412432160481,147.1309148264984
modify,0.7528238296508789,0.1406688690185547,0.9974983390055728,0.18638751547074778,0.18630042974972208,5.351744383127008
modify,0.7522621154785156,0.01828289031982422,0.97407542642533,0.023673815041505876,0.023658908325214334,41.14568880079286
modify,0.33178,0.010516,0.8375808292126283,0.02654771233950208,0.02641174495034304,31.55001901863827
remove,0.3324880599975586,0.0006237030029296875,1.0,0.0018758658669856213,0.0018758658669856213,533.0871559633027
modify,0.47539710998535156,0.37764739990234375,0.9978332895614053,0.7926618387530342,0.7912998550109342,1.2588385623951999
remove,0.704936,0.042276,0.9988646040306557,0.05990331037143797,0.05989923175561431,16.67461443845208
modify,0.6963586807250977,0.006539344787597656,0.9718535802829226,0.009126454254743661,0.009124042619027408,106.48753099022896
modify,0.7100076675415039,0.01582050323486328,0.9903550545542227,0.022067248088306603,0.02206250663056951,44.878955934655494
modify,0.720908,0.105096,0.9844332800487173,0.14351345802793145,0.14318851170309352,6.859518916038669
modify,0.452456,0.04574,0.9766506340183647,0.09873225241791467,0.09849974863513287,9.891910800174902
insert,0.44383811950683594,0.012193679809570312,0.983575786015955,0.027022032754760443,0.027009845191663374,36.39903018926951
remove,0.43909645080566406,0.007228851318359375,0.8160949868073879,0.01343538375330672,0.013394829154215929,60.74221635883905
insert,0.647476,0.294104,0.9778853738813481,0.4441863482198568,0.4397688002691214,2.2015205505535462
modify,0.5416021347045898,0.10907649993896484,0.9669333333333333,0.19473649920498107,0.19344823183072032,4.965342076502732
modify,0.911768,0.017552,0.9979489516864175,0.019211027366610803,0.019210268873573706,51.946672743846854
modify,0.8998050689697266,0.11902523040771484,0.9978286474316345,0.13199168215839935,0.13195378184650106,7.559784306969962
modify,0.8828763961791992,0.10112667083740234,0.9974726279953602,0.11425278391985853,0.11421971834636205,8.730401078848349
modify,0.29768,0.032336,0.9674666006927264,0.10509271701155604,0.10472262763948957,9.205838693715982
modify,0.2681894302368164,0.01639080047607422,0.9845813696398441,0.06017417154723932,0.06011752083614583,16.36219235468668
modify,0.47868824005126953,0.1496868133544922,0.996839918959212,0.31171392653718266,0.31140620615121894,3.1979319308350003
modify,0.946336,0.3077,0.994475138121547,0.3233523822405573,0.3227725529410276,3.075515112122197
modify,0.738716,0.100264,0.9872337030240166,0.13399466100639487,0.13376288520478488,7.367709247586372
modify,0.13588,0.024272,0.9115029663810151,0.16282013541360024,0.1602863187179413,5.598220171390904
modify,0.3701171875,0.2978935241699219,0.9990171722733734,0.8040716729881267,0.8034361217601306,1.242447913331882
insert,0.3991994857788086,0.04088592529296875,0.9919761149468185,0.10159797988967752,0.10151455476386552,9.763738570628849
modify,0.716232,0.13142,0.9627758332065135,0.17665784271018328,0.1754594216805986,5.449946735656673
modify,0.9373102188110352,0.6494045257568359,0.9928261986930024,0.6878681292294481,0.6844661373700803,1.4433379836992437
modify,0.6400356292724609,0.01810741424560547,0.9962605993574551,0.028185467408504514,0.02818248591695136,35.346605572233635
modify,0.609872,0.069852,0.9801866804100098,0.11226618044442112,0.11201198843037942,8.730916795510508
modify,0.597232,0.051836,0.9717570800216067,0.084342433091328,0.08413618931811805,11.521568022223937
modify,0.63664,0.017556,0.9334700387331967,0.025741392309625535,0.02569425281589444,36.263385737069946
modify,0.6995363235473633,0.030958175659179688,0.9982749060439899,0.04417893518486961,0.044175562622942775,22.596173988047564
modify,0.6985177993774414,0.17403316497802734,0.9979067002033022,0.24862481892937255,0.24849521922516923,4.013705085841731
insert,0.693284,0.090892,0.9880297495929234,0.12953421685773794,0.12933125183619154,7.627557980900409
modify,0.7159023284912109,0.07745361328125,0.9966509062253743,0.10782785695064995,0.10778880085225381,9.242981678486998
modify,0.681564,0.203308,0.9919137466307277,0.2958841722860949,0.2951721876793012,3.3523717709091625
modify,0.6397647857666016,0.14292430877685547,0.9918994842093323,0.22159167136225819,0.22119138881283704,4.476248940727445
modify,0.455412,0.117828,0.984180330651458,0.25463536314370283,0.25359738976023233,3.865057541501171
modify,0.4939708709716797,0.03183746337890625,0.9881979391325185,0.0636914392064344,0.06364302801142063,15.515396597172298
modify,0.6823253631591797,0.1899585723876953,1.0,0.2783988147651194,0.2783988147651194,3.591969315112508
modify,0.658852,0.227796,0.9907987848776976,0.3425655534171559,0.34147920865181525,2.892289592442361
modify,0.5720186233520508,0.030912399291992188,0.991176652063923,0.053564074991038754,0.05353854665375751,18.504504226568766
modify,0.5969791412353516,0.09787464141845703,0.9920003118027069,0.16263830358255402,0.16242527508818616,6.099426088142728
modify,0.71498,0.014212,0.9307627357162961,0.01850121681725363,0.0184757892854948,50.308190261750624
insert,0.637028,0.124896,0.9920573917499359,0.19450322434806633,0.19420080875207674,5.100467589034077
remove,0.5718288421630859,0.1706094741821289,0.7672739062141903,0.228921992108151,0.21405869877113093,3.3516828118973487
modify,0.187364,0.01584,0.9371212121212121,0.07922546487051942,0.07880654066680824,11.828535353535354
insert,0.647168,0.183524,0.9887971055556767,0.28040323378164556,0.27951523665175654,3.5263398792528498
modify,0.886792,0.10006,0.98740755546672,0.11141282284910103,0.11125474634368258,8.862602438536879
remove,0.8424997329711914,0.1098337173461914,0.9986802004011496,0.1301944137872485,0.1301720167002989,7.670683951410536
remove,0.66288,0.118336,0.9912114656571119,0.17694907072169924,0.17667188817929871,5.601676581936182
modify,0.8912534713745117,0.5796642303466797,0.9993172343218902,0.649948049696805,0.6496595583563824,1.5375340148925178
insert,0.690644,0.066252,0.9920908048058926,0.09516914647778016,0.09509699523126071,10.424500392440983
modify,0.6451330184936523,0.04672050476074219,0.9965094917330067,0.07216717346345963,0.07214893547843616,13.808348642580118
modify,0.610588,0.067108,0.9453418370388031,0.10389984736024946,0.10327941444609413,9.098587351731537
insert,0.5995588302612305,0.041708946228027344,0.983422887847262,0.06841285671793257,0.06833405358686258,14.374825654510119
insert,0.5576276779174805,0.03270912170410156,0.9935564755962447,0.05827967471332188,0.05825765553838368,17.04807860516648
modify,0.61274,0.03908,0.973899692937564,0.06211443679211411,0.06201120959332638,15.679119754350051
modify,0.514936,0.036356,0.9729343162064034,0.06869203163111533,0.06856101721197085,14.163714380019803
modify,0.728216,0.208824,0.9828946864345094,0.281855932855087,0.2804801390566667,3.4872236907635137
insert,0.6433143615722656,0.03878593444824219,0.9880747479714778,0.059571812311359634,0.0595290119680201,16.586279813130073
insert,0.7438850402832031,0.037906646728515625,0.9788165442286404,0.049878208251070484,0.04982442480233383,19.624132031800343
insert,0.621764,0.06066,0.9638641608968018,0.09403567913227527,0.09370532537550724,10.249983514671943
modify,0.5574636459350586,0.007702827453613281,0.9844001485700136,0.013602078888978228,0.013599147551862678,72.37130122570261
insert,0.552848,0.089184,0.988697524219591,0.15949411049691778,0.1592038363762422,6.1989594546106925
insert,0.454168,0.139024,0.9997410519047071,0.3060277254231914,0.30600346980651866,3.266831626194038
insert,0.48839664459228516,0.08082866668701172,0.999410064302991,0.16540036436701483,0.1653842173805233,6.042369181759188
insert,0.49123096466064453,0.022481918334960938,0.9969882073470773,0.045628653466461395,0.045622364916803194,21.850046661576314
modify,0.606352,0.21548,0.9939112678670874,0.3532073778927092,0.3524447721109034,2.8139595322071655
modify,0.11728,0.015108,0.9083929044214986,0.11701909959072306,0.1156542843659408,7.762774688906539
modify,0.490892,0.166432,0.9880551816958277,0.3349901811396397,0.3336390196396689,2.949504902903288
modify,0.6593294143676758,0.13388347625732422,0.9957403463283637,0.2021951032534566,0.20202036259583353,4.924651142912093
insert,0.5014810562133789,0.05943870544433594,0.9982190418124057,0.1183152321709414,0.11829026222925286,8.43694445335815
modify,0.835504,0.037332,0.9721418622093646,0.04343725463911603,0.04338325300283069,22.380370727525985
modify,0.8585996627807617,0.2312469482421875,0.99903497195645,0.2690704393057035,0.26900052301894084,3.7129124051468163
insert,0.8235530853271484,0.04235649108886719,0.9948214526950961,0.05116506360892957,0.051151439936651125,19.44337371099203
modify,0.544272,0.169044,0.9922150446037717,0.30816944468942,0.30742611641018497,3.2197061120181725
modify,0.705676,0.350976,0.9938343362509118,0.49429483218927667,0.49278367992766725,2.01061041210795
modify,0.39782142639160156,0.05148029327392578,0.9921268594505475,0.12838670393579227,0.1282560331057473,7.727644912098701
insert,0.39858245849609375,0.03857707977294922,0.9691231366344466,0.09379725513465918,0.0935177829782463,10.332105510370571
modify,0.69338,0.36922,0.9957748767672391,0.5302431567106061,0.5290528678734855,1.877958940469097
modify,0.5634374618530273,0.07117938995361328,0.9851414177954634,0.12445350173576142,0.12422032856013353,7.915738842665166
modify,0.44185543060302734,0.10085487365722656,0.9939198517313765,0.22686529151621238,0.22655088132217724,4.38110142405961
modify,0.683184,0.126656,0.9870831227892876,0.18299608890137942,0.1825589205922724,5.39401212733704
insert,0.5853824615478516,0.049185752868652344,0.9999224430441105,0.08401676066847176,0.08401621316929012,11.901463887542414
modify,0.6034746170043945,0.058541297912597656,0.9663435692758817,0.0937421478565525,0.09343708405856456,10.308528142054248
modify,0.542516,0.060768,0.9779489204844655,0.10954146974467112,0.10927157188667588,8.927659294365455
modify,0.726228,0.131128,0.9913977182600208,0.17900714376201413,0.1787295354681889,5.538313708742603
modify,0.7205886840820312,0.0015716552734375,1.0,0.0021810712659742293,0.0021810712659742293,458.49029126213594
modify,0.747563362121582,0.0733489990234375,0.9772207197836489,0.0958823897116512,0.09566856620618638,10.191868629082588
modify,0.675204,0.193744,0.9936410934016021,0.28511679433178716,0.28459750811606715,3.485031794532992
modify,0.8289194107055664,0.20484447479248047,0.9958751367583044,0.24610295851861227,0.24585234998063377,4.04657929653856
modify,0.6431407928466797,0.12737274169921875,0.9922581611260857,0.19651473497216712,0.19621388892179042,5.049281221922731
modify,0.441888,0.002388,0.5879396984924623,0.003177275689767543,0.0031702162250040644,185.04522613065328
remove,0.520244,0.073536,0.9782963446475196,0.13828126802039042,0.137858347386172,7.074684508268059
modify,0.48065185546875,0.034918785095214844,0.9918339478355865,0.07205555555555555,0.07201283365622378,13.764850471118393
insert,0.4758586883544922,0.009416580200195312,0.960299777192627,0.019002994143983452,0.018988076881485724,50.53413003848491
modify,0.554608,0.069364,0.9764142782999827,0.12211868563021089,0.12175951560825825,7.995617323107088
modify,0.5207157135009766,0.04326152801513672,0.9977955602583604,0.08289774912547389,0.08288256944571606,12.03646143332672
modify,0.636976,0.15186,0.9915185038851574,0.2363856723016252,0.23590865221914442,4.194494929540366
modify,0.594029426574707,0.014016151428222656,0.9857794107641015,0.023259510182457435,0.023251708409967035,42.38177859427094
modify,0.325796,0.01416,0.9087570621468927,0.03949710862011811,0.0393410947512596,23.00819209039548
modify,0.45502281188964844,0.11151123046875,0.9927647783251231,0.24329422416720112,0.24286359870452662,4.0805110837438425
modify,0.3547344207763672,0.023675918579101562,0.9836058970434223,0.06564847324755488,0.06557672011665722,14.982921131072263
modify,0.627364,0.145476,0.9921361599164124,0.23006101720851052,0.22964226390117548,4.312491407517392
insert,0.5888652801513672,0.03888225555419922,0.9851119668391749,0.06504607511296095,0.06498219477508466,15.144833337421206
modify,0.852824,0.466032,0.9968328355134412,0.5447266962468224,0.5437855554254946,1.829968757510214
modify,0.7880058288574219,0.4400787353515625,0.9895461322422939,0.5526332350620368,0.5494255860850816,1.79060192087653
modify,0.8328666687011719,0.6420536041259766,0.9965406198662591,0.7682292024494918,0.766185920678625,1.2971917973031986
modify,0.388804,0.027312,0.9592852958406561,0.06738613800269544,0.06719395972465865,14.235647334504979
modify,0.3745441436767578,0.014941215515136719,0.9802770153826514,0.03910495037404071,0.03907420741030971,25.067849620220848
insert,0.489868,0.191396,0.9942527534535727,0.3884638310728604,0.38759348878134625,2.5594474283684088
modify,0.6734752655029297,0.09088325500488281,0.9979957606665407,0.134676220280661,0.13463980486451363,7.410333899976915
insert,0.5445098876953125,0.02037334442138672,0.9999063801900482,0.03741242819111672,0.037412297140615315,26.72658334503581
modify,0.82102,0.324136,0.9948910333933905,0.39277971303987724,0.3919890698160637,2.532949132462917
modify,0.812144,0.0948,0.9886919831223628,0.1154081049666069,0.1152559713532444,8.566919831223629
modify,0.826312,0.057436,0.9821714604081064,0.06826961244663032,0.0681851146329907,14.386656452399192
modify,0.9223518371582031,0.47217655181884766,0.9990628402001159,0.5114469640885234,0.5112017114156384,1.95340457632904
modify,0.689492,0.004456,0.7423698384201077,0.004797735144135102,0.0047897602224024095,154.7333931777379
insert,0.6868915557861328,0.009817123413085938,0.9982514085875267,0.014267109841195794,0.01426675330012384,69.9687196425102
remove,0.7059850692749023,0.042580604553222656,0.9966852561087595,0.0601138219509131,0.060101806119982115,16.57996819637618
modify,0.790108,0.183548,0.9806481138448798,0.22781189407017774,0.22679232920898118,4.30463965829102
modify,0.6839714050292969,0.0976705551147461,0.9875506517599961,0.14102142231691198,0.14077116543326035,7.00284138065713
insert,0.872812,0.00806,0.8774193548387097,0.008102546711090132,0.008093385214007782,108.2893300248139
modify,0.8799448013305664,0.02252197265625,0.999364837398374,0.02557849936435787,0.025578083545752483,39.07050304878049
insert,0.867741584777832,0.009451866149902344,0.9949551003935022,0.010837538040187143,0.010836942533763104,91.80637675310261
remove,0.643788,0.0089,0.8737078651685394,0.012078510317060896,0.012057459002158434,72.33573033707866
modify,0.6669,0.135072,0.9907900971333807,0.2006717648822912,0.20029813932325966,4.937366737739873
insert,0.5981416702270508,0.09667015075683594,0.9986385967681471,0.16139745566385044,0.16136195174826848,6.1874494406408465
modify,0.7100143432617188,0.09879779815673828,0.9958782590229447,0.13857548112568904,0.13849604862732254,7.186540150776567
modify,0.233064,0.05076,0.9791174152876281,0.21324614698108674,0.21228067178076576,4.591489361702128
remove,0.612392,0.110324,0.9873463616257568,0.17787299638140275,0.17746844187243804,5.550850222979587
modify,0.67752,0.069204,0.9821397607074736,0.10031880977683316,0.10013613139331365,9.790185538408185
modify,0.7554464340209961,0.19597339630126953,0.9956786849187077,0.2582930102266889,0.2580037854762298,3.854841770765914
modify,0.629188,0.021256,0.9384644335716974,0.03170435545496735,0.03163858295691011,29.60048927361686
modify,0.295136,0.0283,0.9406360424028268,0.09019570638620839,0.08968519217292868,10.428833922261484
